cluster,lifetime_spend_groceries,lifetime_spend_vegetables,lifetime_spend_nonalcohol_drinks,lifetime_spend_alcohol_drinks,lifetime_spend_meat,lifetime_spend_fish,lifetime_spend_hygiene,lifetime_spend_petfood,lifetime_spend_technology
0,28653.53707107843,334.1448529411765,713.5386029411765,708.9991421568628,1012.4894607843138,995.6371323529412,1280.1355392156863,365.72591911764704,3407.1226102941173
1,10683.117362045761,2006.365060565276,418.1321668909825,413.1049798115747,74.47886944818305,88.82681022880215,713.920807537012,260.7587079407806,2237.157469717362
2,17704.503816793895,521.6423982188295,338.7418893129771,359.87827608142493,794.4853053435114,678.8392811704836,754.2966284987277,394.18024809160306,1458.5838422391857
3,12521.141872623573,403.52105513307987,239.45413498098858,411.1371197718631,715.0981463878327,415.0255228136882,477.1231939163498,303.1255228136882,1205.8130703422055
4,12224.102634803921,1508.6292892156862,610.234375,167.1579656862745,161.99834558823528,117.27034313725491,2015.2280637254903,411.55018382352944,962.1974264705882
5,25020.864659367395,804.7458637469587,806.9367396593674,1473.0864355231145,1475.9104622871046,1319.8909975669098,920.3686739659368,355.08643552311435,5317.392639902677
6,12604.124750896772,354.3870864886409,259.63411717815865,580.4410920685532,613.4180550019928,434.7461538461539,458.05779194898366,272.97512953367874,1363.5358310083698
7,9254.274327465959,171.0947193623381,562.9541680504816,1108.7764862172037,916.5010295582863,857.3396213882431,245.73689804051813,300.41733643307873,11791.707738292926
