cluster,number_complaints
0,1.107843137254902
1,0.7835800807537012
2,0.7407760814249363
3,1.028754752851711
4,0.5646446078431373
5,0.9309610705596107
6,1.1102032682343563
7,1.06974427100631
